{
    "core": {
        "magic": "APF_VER_1",
        "metadata": {
            "platform_ids": [
                "alphamission"
            ],
            "shortname": "alphamission_Analogizer",
            "description": "[ANALOGIZER] SNK Alpha Mission gateware IP Core",
            "author": "RndMnkIII",
            "url": "https://github.com/RndMnkIII/Analogizer-Pocket-Alpha-Mission",
            "version": "1.1",
            "date_release": "2024-03-24"
        },
        "framework": {
            "target_product": "Analogue Pocket",
            "version_required": "1.1",
            "sleep_supported": false,
            "dock": {
                "supported": true,
                "analog_output": false
            },
            "hardware": {
                "link_port": false,
                "cartridge_adapter": 0
            }
        },
        "cores": [
            {
                "name": "default",
                "id": 0,
                "filename": "bitstream.rbf_r"
            }
        ]
    }
}