{
    "data": {
        "magic": "APF_VER_1",
        "data_slots": [
            {
                "name": "Arcade Game",
                "id": 0,
                "required": true,
                "parameters": "0x113",
                "extensions": [
                    "json"
                ]
            },
            {
                "name": "ROM",
                "id": 1,
                "required": true,
                "parameters": 0,
                "extensions": [
                    "rom"
                ],
                "address": "0x00000000"
            }
        ]
    }
}